Incident_Number,Area_Occ,Rpt_Dist,Dispatch_Date,Dispatch_Time,Call_Type_Code,Call_Type_Text
PD20032400001494,Van Nuys,906,3/24/2020 0:00,9:34:26,6,CODE 6
PD20032800004517,Central,182,3/28/2020 0:00,21:19:40,242DS,DOM VIOL SUSP
PD20032500004416,Outside,,3/25/2020 0:00,18:18:34,6,CODE 6
PD20032500003685,Outside,,3/25/2020 0:00,16:14:42,6,CODE 6
PD20032300004227,Hollywood,668,3/23/2020 0:00,18:22:28,9212,TRESPASS SUSP
PD20032300001011,Outside,,3/23/2020 0:00,8:11:04,6,CODE 6
PD20032800004828,West LA,836,3/28/2020 0:00,23:42:52,507A,AUTO REPAIR
PD20032300005141,Outside,,3/23/2020 0:00,21:30:12,6,CODE 6
PD20032600004915,Outside,,3/26/2020 0:00,20:31:42,902,TRAFFIC STOP
PD20032800003899,Wilshire,701,3/28/2020 0:00,19:37:22,415G,GRP
PD20032600000542,N Hollywood,1591,3/26/2020 0:00,5:40:56,906B1,CODE 30 RINGER
PD20032300001145,Outside,,3/23/2020 0:00,8:37:12,902,TRAFFIC STOP
PD20032600003256,Hollywood,632,3/26/2020 0:00,15:31:35,415M,MAN
PD20032700004800,West Valley,1001,3/27/2020 0:00,21:30:58,242I,BATTERY INVEST
PD20032100004601,Devonshire,1727,3/21/2020 0:00,21:17:46,246H,HEARD ONLY
PD20032400002302,Topanga,2175,3/24/2020 0:00,12:16:51,242A,AMB
PD20032600003772,Outside,,3/26/2020 0:00,16:59:08,6,CODE 6
PD20032200000580,Northeast,1158,3/22/2020 0:00,3:29:50,245PFJ,POSS SHOTS FIRED J/O
PD20032700001904,Southwest,316,3/27/2020 0:00,11:41:03,9201,CHILD
PD20032100000975,Outside,,3/21/2020 0:00,7:55:44,6,CODE 6
PD20032200003098,Rampart,221,3/22/2020 0:00,17:16:03,930W,WMN
PD20032200000706,Pacific,1434,3/22/2020 0:00,5:09:58,415M,MAN
PD20032500002982,Outside,,3/25/2020 0:00,14:20:51,6,CODE 6
PD20032700000805,Central,131,3/27/2020 0:00,7:21:32,620M,MAN/WMN
PD20032400004937,Outside,,3/24/2020 0:00,19:53:24,6,CODE 6
PD20032500004847,Mission,1971,3/25/2020 0:00,20:41:10,415M,MAN
PD20032500003945,Topanga,2143,3/25/2020 0:00,17:09:35,415M,MAN
PD20032500005649,Outside,,3/25/2020 0:00,22:23:58,6,CODE 6
PD20032200001525,Outside,,3/22/2020 0:00,10:49:25,6,CODE 6
PD20032500005666,Outside,,3/25/2020 0:00,22:28:47,6,CODE 6
PD20032600004774,Newton,1321,3/26/2020 0:00,20:14:09,415G,GRP
PD20032400004632,Central,166,3/24/2020 0:00,19:05:48,459PSN,POSS SUSP NOW
PD20032400005171,Rampart,299,3/24/2020 0:00,20:39:29,6,CODE 6
PD20032600004305,Outside,,3/26/2020 0:00,18:35:01,902,TRAFFIC STOP
PD20032500005335,Outside,,3/25/2020 0:00,21:20:03,6,CODE 6
PD20032400005437,Outside,,3/24/2020 0:00,21:36:02,6,CODE 6
PD20032300003447,Outside,,3/23/2020 0:00,15:51:42,6,CODE 6
PD20032400002560,Foothill,1636,3/24/2020 0:00,13:06:31,415M,MAN
PD20032100002432,Hollenbeck,438,3/21/2020 0:00,14:16:20,507R,RADIO
PD20032400000254,Southeast,1863,3/24/2020 0:00,1:38:19,245D,DOM VIOL
PD20032600002884,Outside,,3/26/2020 0:00,14:20:30,6,CODE 6
PD20032300004828,Outside,,3/23/2020 0:00,20:26:00,6,CODE 6
PD20032600002981,Topanga,2144,3/26/2020 0:00,14:40:12,415M,MAN
PD20032600002058,Wilshire,724,3/26/2020 0:00,11:41:01,902,TRAFFIC STOP
PD20032100002101,Harbor,509,3/21/2020 0:00,12:55:19,242PD,POSS DOM VIOL
PD20032300003711,Olympic,2083,3/23/2020 0:00,16:40:05,6,CODE 6
PD20032800002267,Outside,,3/28/2020 0:00,13:24:28,6,CODE 6
PD20032200001467,West LA,841,3/22/2020 0:00,10:38:03,245PS,POSS SUSP
PD20032500000471,Rampart,205,3/25/2020 0:00,4:31:58,620F,FAMILY
PD20032700002208,Outside,,3/27/2020 0:00,12:45:03,6,CODE 6
PD20032600000435,Wilshire,782,3/26/2020 0:00,3:42:39,245X,I/P
PD20032600000325,Outside,,3/26/2020 0:00,2:15:58,902,TRAFFIC STOP
PD20032400002206,Outside,,3/24/2020 0:00,11:47:10,6,CODE 6
PD20032700000774,Outside,,3/27/2020 0:00,7:08:01,6,CODE 6
PD20032800001511,West LA,857,3/28/2020 0:00,10:39:17,415M,MAN
PD20032300002072,Outside,,3/23/2020 0:00,11:44:46,6,CODE 6
PD20032100004008,Outside,,3/21/2020 0:00,19:16:12,6,CODE 6
PD20032400005881,Outside,,3/24/2020 0:00,23:27:23,6,CODE 6
PD20032200002944,Hollywood,645,3/22/2020 0:00,16:38:37,245SN,SUSP NOW
PD20032500000732,Outside,,3/25/2020 0:00,7:11:22,6,CODE 6
PD20032400005614,Outside,,3/24/2020 0:00,22:13:50,6,CODE 6
PD20032800003096,West Valley,1063,3/28/2020 0:00,16:48:19,9212,TRESPASS SUSP
PD20032400001822,Outside,,3/24/2020 0:00,10:45:38,6,CODE 6
PD20032200000497,West Valley,1015,3/22/2020 0:00,2:43:03,415M8W,MAN ASSLTG WMN
PD20032100000673,West Valley,1041,3/21/2020 0:00,5:33:35,242DS,DOM VIOL SUSP
PD20032100002420,Topanga,2105,3/21/2020 0:00,14:02:49,6,CODE 6
PD20032800000724,Harbor,584,3/28/2020 0:00,5:39:17,906B1,CODE 30 RINGER
PD20032300004530,Hollywood,621,3/23/2020 0:00,19:45:54,507P,PARTY
PD20032700001987,Outside,,3/27/2020 0:00,11:59:32,6,CODE 6
PD20032200001244,Outside,,3/22/2020 0:00,9:24:25,6,CODE 6
PD20032700005277,Outside,,3/27/2020 0:00,23:01:40,6,CODE 6
PD20032200002192,Olympic,2024,3/22/2020 0:00,13:31:44,242SL,SUSP J/L
PD20032500003063,Outside,,3/25/2020 0:00,14:34:51,6,CODE 6
PD20032100002228,Newton,1377,3/21/2020 0:00,13:35:28,9043,CPI
PD20032700000825,Topanga,2105,3/27/2020 0:00,7:25:22,415M,MAN
PD20032100004659,Mission,1934,3/21/2020 0:00,21:26:47,6,CODE 6
PD20032600000459,West LA,887,3/26/2020 0:00,3:57:50,921C,COMPLAINT
PD20032300001658,Outside,,3/23/2020 0:00,10:18:32,6,CODE 6
PD20032400001327,Wilshire,752,3/24/2020 0:00,9:20:10,620M,MAN/WMN
PD20032100004699,Southeast,1822,3/21/2020 0:00,21:50:19,918M,MALE
PD20032200001274,Hollywood,669,3/22/2020 0:00,9:39:07,507A,AUTO REPAIR
PD20032600001400,Outside,,3/26/2020 0:00,9:23:56,6,CODE 6
PD20032500003621,West LA,832,3/25/2020 0:00,16:14:23,9212,TRESPASS SUSP
PD20032800005244,Devonshire,1795,3/28/2020 0:00,23:47:34,459SL,SUSP J/L
PD20032100000913,West LA,813,3/21/2020 0:00,7:25:50,902,TRAFFIC STOP
PD20032600003034,Outside,,3/26/2020 0:00,14:45:14,6,CODE 6
PD20032800002585,Outside,,3/28/2020 0:00,14:40:27,6,CODE 6
PD20032400005008,Foothill,1676,3/24/2020 0:00,20:07:04,9212,TRESPASS SUSP
PD20032200002999,Outside,,3/22/2020 0:00,16:52:07,6,CODE 6
PD20032600002294,Outside,,3/26/2020 0:00,12:26:05,6,CODE 6
PD20032600000500,Outside,,3/26/2020 0:00,4:35:39,6,CODE 6
PD20032700004403,Outside,,3/27/2020 0:00,20:07:43,6,CODE 6
PD20032600003711,Outside,,3/26/2020 0:00,16:49:23,6,CODE 6
PD20032500000268,Outside,,3/25/2020 0:00,2:02:59,6,CODE 6
PD20032400004467,Outside,,3/24/2020 0:00,18:18:50,6,CODE 6
PD20032600004719,Newton,1372,3/26/2020 0:00,19:56:57,484S,SUSP
PD20032300000765,Outside,,3/23/2020 0:00,7:22:31,6,CODE 6
PD20032300005412,Harbor,514,3/23/2020 0:00,22:28:30,907A3,AMB ATT SUICIDE
PD20032500001400,Outside,,3/25/2020 0:00,9:23:37,6,CODE 6
PD20032600003372,Topanga,2105,3/26/2020 0:00,15:47:55,6,CODE 6
PD20032400004453,Outside,,3/24/2020 0:00,18:16:49,6,CODE 6
PD20032500004875,Outside,,3/25/2020 0:00,19:45:42,6,CODE 6
PD20032100003761,Outside,,3/21/2020 0:00,18:26:11,6,CODE 6
PD20032700004701,Outside,,3/27/2020 0:00,21:11:03,6,CODE 6
PD20032700001513,Outside,,3/27/2020 0:00,9:57:34,6,CODE 6
PD20032500005811,Outside,,3/25/2020 0:00,23:00:25,6,CODE 6
PD20032300000527,Outside,,3/23/2020 0:00,5:38:54,6,CODE 6
PD20032300001094,Outside,,3/23/2020 0:00,8:26:57,902,TRAFFIC STOP
PD20032300001687,Outside,,3/23/2020 0:00,10:23:38,6,CODE 6
PD20032600001326,Outside,,3/26/2020 0:00,9:05:18,6,CODE 6
PD20032800000151,Central,111,3/28/2020 0:00,0:43:58,415W,WOMAN
PD20032300001059,Outside,,3/23/2020 0:00,8:19:33,6,CODE 6
PD20032800001023,Outside,,3/28/2020 0:00,7:53:37,6,CODE 6
PD20032400000475,Wilshire,735,3/24/2020 0:00,4:07:10,507R,RADIO
PD20032500003389,Wilshire,745,3/25/2020 0:00,15:59:12,415M,MAN
PD20032500000816,Outside,,3/25/2020 0:00,7:35:11,6,CODE 6
PD20032600004042,Rampart,275,3/26/2020 0:00,18:39:33,620N,NEIGHBOR
PD20032700002554,Devonshire,1722,3/27/2020 0:00,14:18:16,242D,DOM VIOL
PD20032100000896,Outside,,3/21/2020 0:00,7:18:27,6,CODE 6
PD20032800000918,Outside,,3/28/2020 0:00,7:22:10,6,CODE 6
PD20032200002425,Outside,,3/22/2020 0:00,14:21:11,6,CODE 6
PD20032500002584,Outside,,3/25/2020 0:00,13:09:31,6,CODE 6
PD20032200000976,Central,156,3/22/2020 0:00,7:51:55,927AD,AMB D/B
PD20032400001337,Outside,,3/24/2020 0:00,9:04:49,6,CODE 6
PD20032300000578,Outside,,3/23/2020 0:00,6:07:27,6,CODE 6
PD20032300004635,Outside,,3/23/2020 0:00,19:46:59,6,CODE 6
PD20032100005410,Outside,,3/21/2020 0:00,23:52:57,6,CODE 6
PD20032500004502,Outside,,3/25/2020 0:00,18:35:02,6,CODE 6
PD20032800000915,Outside,,3/28/2020 0:00,7:20:29,6,CODE 6
PD20032400001992,Outside,,3/24/2020 0:00,11:13:40,6,CODE 6
PD20032700002593,Outside,,3/27/2020 0:00,14:16:54,6,CODE 6
PD20032200004080,Topanga,2126,3/22/2020 0:00,22:00:07,7203,FD
PD20032400000752,West Valley,1031,3/24/2020 0:00,7:04:56,415M,MAN
PD20032200000146,Outside,,3/22/2020 0:00,0:31:13,6,CODE 6
PD20032500004742,Outside,,3/25/2020 0:00,19:20:32,6,CODE 6
PD20032400003904,Outside,,3/24/2020 0:00,16:37:11,6,CODE 6
PD20032700004503,Devonshire,1797,3/27/2020 0:00,20:36:35,921SN,SUSP NOW
PD20032800001974,Wilshire,743,3/28/2020 0:00,12:17:24,6,CODE 6
PD20032100002959,Outside,,3/21/2020 0:00,15:54:14,6,CODE 6
PD20032600001448,Outside,,3/26/2020 0:00,9:34:01,6,CODE 6
PD20032200001803,Southeast,1834,3/22/2020 0:00,11:53:41,288P5,POSS NEGLECT
PD20032100001969,Outside,,3/21/2020 0:00,12:18:19,6,CODE 6
PD20032600003508,Topanga,2147,3/26/2020 0:00,17:24:20,9073,ATT SUICIDE
PD20032300004638,Southwest,334,3/23/2020 0:00,19:48:00,906R,ROBBERY (211 SILENT)
PD20032500000310,Outside,,3/25/2020 0:00,2:29:23,6,CODE 6
PD20032400004903,Outside,,3/24/2020 0:00,19:45:52,6,CODE 6
PD20032600005376,Southwest,375,3/26/2020 0:00,22:06:29,6,CODE 6
PD20032600001030,77th Street,1204,3/26/2020 0:00,8:08:50,6,CODE 6
PD20032500005100,Outside,,3/25/2020 0:00,20:28:20,6,CODE 6
PD20032100000363,Northeast,1158,3/21/2020 0:00,2:07:48,459PS,POSS SUSP
PD20032800000825,Pacific,1455,3/28/2020 0:00,6:40:31,6,CODE 6
PD20032600001504,Outside,,3/26/2020 0:00,9:47:15,6,CODE 6
PD20032500003996,Newton,1352,3/25/2020 0:00,17:14:11,904A,AMB
PD20032400005023,77th Street,1255,3/24/2020 0:00,20:13:13,447SN,SUSP NOW
PD20032200003552,Outside,,3/22/2020 0:00,19:21:53,6,CODE 6
PD20032400002340,Foothill,1617,3/24/2020 0:00,12:14:26,9212,TRESPASS SUSP
PD20032600000374,Southeast,1863,3/26/2020 0:00,2:50:05,415M,MAN
PD20032500003865,Outside,,3/25/2020 0:00,16:44:12,6,CODE 6
PD20032300000415,Southwest,315,3/23/2020 0:00,4:20:54,927AI,AMB INVEST
PD20032800003970,77th Street,1248,3/28/2020 0:00,19:38:23,5101,CAR
PD20032800002357,Topanga,2139,3/28/2020 0:00,13:50:00,484P,POSS
PD20032200002460,Outside,,3/22/2020 0:00,14:28:56,6,CODE 6
PD20032100001446,Wilshire,717,3/21/2020 0:00,10:32:05,415M,MAN
PD20032700002776,Newton,1393,3/27/2020 0:00,15:07:46,415G,GRP
PD20032300001113,Outside,,3/23/2020 0:00,8:32:16,902,TRAFFIC STOP
PD20032200003008,West Valley,1008,3/22/2020 0:00,16:55:36,459TS,ATT SUSP
PD20032800003098,Central,159,3/28/2020 0:00,17:01:53,5111,RECKLESS DRIVER CAR
PD20032500000425,Hollywood,663,3/25/2020 0:00,3:53:57,390GV,GRP IN VEH
PD20032100004323,Southeast,1802,3/21/2020 0:00,20:21:36,620D,DOM VIOL
PD20032800004021,Foothill,1676,3/28/2020 0:00,19:43:37,415F,FIGHT
PD20032500000749,Olympic,2076,3/25/2020 0:00,7:27:35,242J,J/O
PD20032300002153,Olympic,2049,3/23/2020 0:00,12:06:00,9212,TRESPASS SUSP
PD20032200003162,Outside,,3/22/2020 0:00,17:29:15,6,CODE 6
PD20032700003536,Topanga,2136,3/27/2020 0:00,18:02:44,9212,TRESPASS SUSP
PD20032800001219,Mission,1916,3/28/2020 0:00,9:00:47,484J,THEFT J/O
PD20032700000449,Outside,,3/27/2020 0:00,3:34:31,6,CODE 6
PD20032700002521,Mission,1916,3/27/2020 0:00,14:13:17,368P,ELDER/DEPENDENT ADUL
PD20032400005019,Southeast,1881,3/24/2020 0:00,20:09:07,211SL,SUSP J/L
PD20032800000789,Outside,,3/28/2020 0:00,6:19:27,6,CODE 6
PD20032400005061,Olympic,2022,3/24/2020 0:00,20:16:36,415M,MAN
PD20032600005721,Outside,,3/26/2020 0:00,23:36:15,6,CODE 6
PD20032800003596,Olympic,2097,3/28/2020 0:00,18:30:09,245S,SUSP
PD20032300004618,Foothill,1617,3/23/2020 0:00,19:45:57,415W,WOMAN
PD20032500001260,Outside,,3/25/2020 0:00,8:59:17,6,CODE 6
PD20032400001602,Hollenbeck,491,3/24/2020 0:00,10:01:02,5033SL,GTA SUSP J/L
PD20032300000538,Outside,,3/23/2020 0:00,5:42:01,6,CODE 6
PD20032200003239,Outside,,3/22/2020 0:00,17:51:49,902,TRAFFIC STOP
PD20032800002984,Van Nuys,938,3/28/2020 0:00,16:15:46,415M,MAN
PD20032800004070,77th Street,1205,3/28/2020 0:00,19:57:43,415M,MAN
PD20032200000872,Olympic,2079,3/22/2020 0:00,7:06:36,594S,SUSP
PD20032400002474,Outside,,3/24/2020 0:00,12:39:30,6,CODE 6
PD20032200000043,Southwest,312,3/22/2020 0:00,0:11:39,507R,RADIO
PD20032600002403,Pacific,1476,3/26/2020 0:00,13:11:19,507R,RADIO
PD20032800003940,Topanga,2185,3/28/2020 0:00,19:40:28,484J,THEFT J/O
PD20032100004446,Hollenbeck,423,3/21/2020 0:00,20:45:28,9212N,TRESPASS SUSP NOW
PD20032400004030,Devonshire,1794,3/24/2020 0:00,17:01:44,9212N,TRESPASS SUSP NOW
PD20032600004759,Harbor,587,3/26/2020 0:00,20:14:19,620N,NEIGHBOR
PD20032500005783,Outside,,3/25/2020 0:00,22:55:29,6,CODE 6
PD20032300004137,Pacific,1445,3/23/2020 0:00,18:00:08,6,CODE 6
PD20032800003293,Outside,,3/28/2020 0:00,17:15:43,6,CODE 6
PD20032500000460,Hollywood,643,3/25/2020 0:00,4:21:57,900,UNKNOWN TROUBLE
PD20032400005211,Outside,,3/24/2020 0:00,20:49:13,6,CODE 6
PD20032200004252,Topanga,2158,3/22/2020 0:00,22:51:19,900,UNKNOWN TROUBLE
PD20032500003519,Van Nuys,935,3/25/2020 0:00,16:03:04,918F,FEM
PD20032600005246,Wilshire,764,3/26/2020 0:00,21:38:03,902,TRAFFIC STOP
PD20032400003209,Outside,,3/24/2020 0:00,14:43:37,6,CODE 6
PD20032100004179,Outside,,3/21/2020 0:00,19:51:35,6,CODE 6
PD20032500005682,Outside,,3/25/2020 0:00,22:32:48,6,CODE 6
PD20032500003185,N Hollywood,1516,3/25/2020 0:00,14:56:13,484SL,SUSP J/L
PD20032700002726,Outside,,3/27/2020 0:00,14:49:09,6,CODE 6
PD20032700004216,Pacific,1469,3/27/2020 0:00,19:38:00,9045,H & R MISD
PD20032600005521,Outside,,3/26/2020 0:00,22:39:54,6,CODE 6
PD20032300004679,West LA,855,3/23/2020 0:00,19:58:54,918AM,AMB MALE
PD20032700000776,Southwest,363,3/27/2020 0:00,7:09:19,900Q,UNKNOWN TROUBLE BUS
PD20032400004900,Topanga,2126,3/24/2020 0:00,19:58:56,927I,INV
PD20032600001800,Outside,,3/26/2020 0:00,10:45:56,6,CODE 6
PD20032400004318,Harbor,558,3/24/2020 0:00,17:53:32,918PF,POSS FEM
PD20032300003638,Outside,,3/23/2020 0:00,16:28:12,6,CODE 6
PD20032800002323,Outside,,3/28/2020 0:00,13:36:01,6,CODE 6
PD20032200003284,Outside,,3/22/2020 0:00,18:04:35,6,CODE 6
PD20032200002147,Devonshire,1797,3/22/2020 0:00,13:21:12,507R,RADIO
PD20032300004934,Southeast,1863,3/23/2020 0:00,21:08:24,9212,TRESPASS SUSP
PD20032400001554,Outside,,3/24/2020 0:00,9:47:35,6,CODE 6
PD20032500000029,Outside,,3/25/2020 0:00,0:09:04,6,CODE 6
PD20032200001995,Outside,,3/22/2020 0:00,12:34:50,6,CODE 6
PD20032200001122,Outside,,3/22/2020 0:00,8:49:16,6,CODE 6
PD20032100000052,N Hollywood,1557,3/21/2020 0:00,0:56:21,921C,COMPLAINT
PD20032200002212,Olympic,2063,3/22/2020 0:00,13:45:04,459S,SUSP
PD20032300002325,West LA,832,3/23/2020 0:00,12:32:48,906B1,CODE 30 RINGER
PD20032400000227,Hollywood,632,3/24/2020 0:00,1:58:44,6201,ROOMMATE
PD20032400002677,Devonshire,1764,3/24/2020 0:00,13:13:18,6,CODE 6
PD20032800004114,Hollenbeck,408,3/28/2020 0:00,20:01:24,415M8W,MAN ASSLTG WMN
PD20032300005596,Outside,,3/23/2020 0:00,23:12:39,6,CODE 6
PD20032500001538,Outside,,3/25/2020 0:00,9:47:13,6,CODE 6
PD20032500000882,Outside,,3/25/2020 0:00,7:50:11,6,CODE 6
PD20032300004381,Outside,,3/23/2020 0:00,18:49:25,6,CODE 6
PD20032600003341,Outside,,3/26/2020 0:00,15:41:47,902,TRAFFIC STOP
PD20032700003905,Outside,,3/27/2020 0:00,18:33:11,6,CODE 6
PD20032600003598,Topanga,2187,3/26/2020 0:00,18:13:26,415M,MAN
PD20032700000920,Outside,,3/27/2020 0:00,7:43:27,6,CODE 6
PD20032100002925,Central,135,3/21/2020 0:00,15:59:25,314M,MAN
PD20032500002934,Outside,,3/25/2020 0:00,14:10:57,6,CODE 6
PD20032300000340,Topanga,2185,3/23/2020 0:00,3:36:10,507R,RADIO
PD20032400005909,Outside,,3/24/2020 0:00,23:34:03,6,CODE 6
PD20032500004109,Outside,,3/25/2020 0:00,17:24:59,902,TRAFFIC STOP
PD20032300003767,Pacific,1414,3/23/2020 0:00,18:14:04,415G,GRP
PD20032500002395,Outside,,3/25/2020 0:00,12:31:27,902,TRAFFIC STOP
PD20032100001080,Olympic,2021,3/21/2020 0:00,8:39:57,459I,INVEST
PD20032500003259,Harbor,558,3/25/2020 0:00,15:16:15,245PS,POSS SUSP
PD20032600003236,Harbor,501,3/26/2020 0:00,15:24:03,904A,AMB
PD20032800000798,Outside,,3/28/2020 0:00,6:25:42,6,CODE 6
PD20032200004112,Southeast,1801,3/22/2020 0:00,22:11:23,904A,AMB
PD20032400000684,Outside,,3/24/2020 0:00,6:25:45,6,CODE 6
PD20032500004575,77th Street,1248,3/25/2020 0:00,18:49:01,6,CODE 6
PD20032300001835,Mission,1991,3/23/2020 0:00,10:58:13,415W6,WMN W/KNIVES
PD20032400004757,Central,192,3/24/2020 0:00,19:25:29,906B1,CODE 30 RINGER
PD20032500001458,Outside,,3/25/2020 0:00,9:30:53,6,CODE 6
PD20032600004522,Outside,,3/26/2020 0:00,19:12:37,6,CODE 6
PD20032300001708,Devonshire,1782,3/23/2020 0:00,10:28:44,6,CODE 6
PD20032100001368,Outside,,3/21/2020 0:00,10:03:42,6,CODE 6
PD20032200001211,Southwest,311,3/22/2020 0:00,9:21:29,415M,MAN
PD20032600002178,West Valley,1027,3/26/2020 0:00,12:01:57,6,CODE 6
PD20032500005496,Outside,,3/25/2020 0:00,21:51:21,6,CODE 6
PD20032600002093,Newton,1363,3/26/2020 0:00,11:52:24,415M,MAN
PD20032100000747,Northeast,1176,3/21/2020 0:00,6:13:44,906B1,CODE 30 RINGER
PD20032700000983,Topanga,2156,3/27/2020 0:00,7:58:41,415F,FIGHT
PD20032100002747,Hollywood,646,3/21/2020 0:00,15:11:37,6,CODE 6
PD20032200004342,Southwest,307,3/22/2020 0:00,23:27:49,415M,MAN
PD20032200003627,Outside,,3/22/2020 0:00,19:44:08,6,CODE 6
PD20032400002308,Van Nuys,904,3/24/2020 0:00,12:05:33,245PS,POSS SUSP
PD20032200002853,Outside,,3/22/2020 0:00,16:11:23,6,CODE 6
PD20032400005855,Newton,1362,3/24/2020 0:00,23:23:05,9212,TRESPASS SUSP
PD20032600003575,Outside,,3/26/2020 0:00,16:25:18,6,CODE 6
PD20032500000891,Outside,,3/25/2020 0:00,7:52:20,6,CODE 6
PD20032700004549,Outside,,3/27/2020 0:00,20:36:54,6,CODE 6
PD20032700001317,Outside,,3/27/2020 0:00,9:14:10,6,CODE 6
PD20032200002366,Pacific,1413,3/22/2020 0:00,14:15:57,415M,MAN
PD20032400004649,Outside,,3/24/2020 0:00,18:56:34,6,CODE 6
PD20032600001116,Outside,,3/26/2020 0:00,8:26:33,6,CODE 6
PD20032200003207,Outside,,3/22/2020 0:00,17:41:04,6,CODE 6
PD20032400004065,Hollenbeck,416,3/24/2020 0:00,17:07:20,904AQ,AMB BUS
PD20032400000094,Outside,,3/24/2020 0:00,0:30:31,6,CODE 6
PD20032400003427,West Valley,1024,3/24/2020 0:00,15:16:24,6,CODE 6
PD20032100003914,Newton,1309,3/21/2020 0:00,19:49:38,415M,MAN
PD20032400001365,Southeast,1823,3/24/2020 0:00,9:21:43,9212N,TRESPASS SUSP NOW
PD20032100003450,Outside,,3/21/2020 0:00,17:32:54,6,CODE 6
PD20032100002238,Southwest,396,3/21/2020 0:00,14:01:42,415GF,GROUP FIGHT
PD20032200003568,Rampart,247,3/22/2020 0:00,19:24:58,415G,GRP
PD20032300005444,Outside,,3/23/2020 0:00,22:32:56,6,CODE 6
PD20032800002059,Outside,,3/28/2020 0:00,12:39:52,6,CODE 6
PD20032600003045,Pacific,1441,3/26/2020 0:00,14:48:20,906B1,CODE 30 RINGER
PD20032600000631,Foothill,1676,3/26/2020 0:00,6:13:01,415M6,MAN W/KNIVES
PD20032700001896,Outside,,3/27/2020 0:00,11:33:25,6,CODE 6
PD20032400003956,Outside,,3/24/2020 0:00,16:47:18,6,CODE 6
PD20032600002257,Outside,,3/26/2020 0:00,12:18:16,6,CODE 6
PD20032600001421,Hollywood,626,3/26/2020 0:00,9:29:10,246H,HEARD ONLY
PD20032700005194,Harbor,525,3/27/2020 0:00,22:58:39,110S,NARCOTIC SUSP
PD20032200000954,Outside,,3/22/2020 0:00,7:33:35,6,CODE 6
PD20032700004057,Outside,,3/27/2020 0:00,19:05:22,6,CODE 6
PD20032700001072,Outside,,3/27/2020 0:00,8:17:32,6,CODE 6
PD20032700003653,Outside,,3/27/2020 0:00,17:48:04,6,CODE 6
PD20032600000594,Outside,,3/26/2020 0:00,5:43:46,6,CODE 6
PD20032100000529,Northeast,1124,3/21/2020 0:00,3:46:33,6,CODE 6
PD20032800002979,Wilshire,715,3/28/2020 0:00,16:11:13,415M,MAN
PD20032500004846,Outside,,3/25/2020 0:00,19:39:40,6,CODE 6
PD20032500002389,Outside,,3/25/2020 0:00,12:30:26,6,CODE 6
PD20032100000775,Pacific,1488,3/21/2020 0:00,7:11:20,9212,TRESPASS SUSP
PD20032400000460,Outside,,3/24/2020 0:00,3:51:27,6,CODE 6
PD20032500005279,Mission,1995,3/25/2020 0:00,21:07:30,6,CODE 6
PD20032800003716,Outside,,3/28/2020 0:00,18:45:43,6,CODE 6
PD20032400004171,Outside,,3/24/2020 0:00,17:26:30,6,CODE 6
PD20032400005588,Outside,,3/24/2020 0:00,22:08:07,6,CODE 6
PD20032500005827,Hollenbeck,416,3/25/2020 0:00,23:06:14,507C,CONSTRUCTION
PD20032800004315,Hollenbeck,429,3/28/2020 0:00,20:37:21,242SN,SUSP NOW
PD20032800002583,N Hollywood,1569,3/28/2020 0:00,14:40:39,620DR,DOM VIOL R/O
PD20032300004267,Outside,,3/23/2020 0:00,18:23:36,6,CODE 6
PD20032100004899,Devonshire,1798,3/21/2020 0:00,22:09:12,415M6,MAN W/KNIVES
PD20032800000176,Mission,1913,3/28/2020 0:00,0:51:05,507R,RADIO
PD20032200003093,Wilshire,783,3/22/2020 0:00,19:23:52,620N,NEIGHBOR
PD20032800003022,Outside,,3/28/2020 0:00,16:20:43,6,CODE 6
PD20032100005361,West Valley,1003,3/21/2020 0:00,23:47:22,9032,HAZARD
PD20032800001291,Newton,1307,3/28/2020 0:00,9:22:15,245PS,POSS SUSP
PD20032700001703,Outside,,3/27/2020 0:00,10:45:53,6,CODE 6
PD20032400005351,77th Street,1266,3/24/2020 0:00,21:33:13,415M,MAN
PD20032400005775,Northeast,1161,3/24/2020 0:00,23:05:20,507P,PARTY
PD20032100002806,Outside,,3/21/2020 0:00,15:22:08,6,CODE 6
PD20032200003718,West LA,813,3/22/2020 0:00,20:14:48,906B1C,CZ RPTS RINGER
PD20032200002289,Central,159,3/22/2020 0:00,14:05:00,415M,MAN
PD20032800002286,Outside,,3/28/2020 0:00,13:28:46,6,CODE 6
PD20032800000695,Outside,,3/28/2020 0:00,5:10:13,6,CODE 6
PD20032700005082,Outside,,3/27/2020 0:00,22:21:20,6,CODE 6
PD20032100004101,Outside,,3/21/2020 0:00,19:35:01,6,CODE 6
PD20032500003159,Outside,,3/25/2020 0:00,14:50:06,6,CODE 6
PD20032200002273,West Valley,1063,3/22/2020 0:00,13:44:42,9212,TRESPASS SUSP
PD20032200003161,Outside,,3/22/2020 0:00,17:28:40,6,CODE 6
PD20032200002968,Southwest,332,3/22/2020 0:00,16:43:06,511,RECKLESS DRIVER
PD20032300002487,Hollywood,647,3/23/2020 0:00,13:06:57,907A2,AMB O/D
PD20032100004502,Outside,,3/21/2020 0:00,20:55:12,6,CODE 6
PD20032500003322,Outside,,3/25/2020 0:00,15:19:42,6,CODE 6
PD20032400000747,Outside,,3/24/2020 0:00,7:00:37,6,CODE 6
PD20032300004981,Outside,,3/23/2020 0:00,20:57:57,6,CODE 6
PD20032500002228,Outside,,3/25/2020 0:00,12:02:56,6,CODE 6
PD20032800001629,Outside,,3/28/2020 0:00,10:54:33,6,CODE 6
PD20032700002222,Outside,,3/27/2020 0:00,12:47:04,6,CODE 6
PD20032200001745,Outside,,3/22/2020 0:00,11:37:25,6,CODE 6
PD20032300001828,West LA,803,3/23/2020 0:00,10:54:22,6,CODE 6
PD20032800004922,Foothill,1684,3/28/2020 0:00,22:32:46,415F,FIGHT
PD20032400004250,Outside,,3/24/2020 0:00,17:38:52,6,CODE 6
PD20032400001110,Outside,,3/24/2020 0:00,8:19:12,6,CODE 6
PD20032700004150,Topanga,2148,3/27/2020 0:00,20:23:47,415G,GRP
PD20032400000279,Southeast,1862,3/24/2020 0:00,1:44:08,620F,FAMILY
PD20032300002435,Outside,,3/23/2020 0:00,12:55:51,6,CODE 6
PD20032200002627,Wilshire,714,3/22/2020 0:00,15:10:31,918M,MALE
PD20032600001573,Outside,,3/26/2020 0:00,9:57:42,902,TRAFFIC STOP
PD20032100001880,Newton,1309,3/21/2020 0:00,12:02:11,415M,MAN
PD20032700002157,Outside,,3/27/2020 0:00,12:34:05,6,CODE 6
PD20032600005806,Outside,,3/26/2020 0:00,23:57:23,6,CODE 6
PD20032500005778,Outside,,3/25/2020 0:00,22:54:02,6,CODE 6
PD20032100003754,Mission,1911,3/21/2020 0:00,18:25:17,6,CODE 6
PD20032800001808,Mission,1987,3/28/2020 0:00,11:42:53,507R,RADIO
PD20032300000460,Rampart,237,3/23/2020 0:00,5:04:06,9212,TRESPASS SUSP
PD20032300001375,Outside,,3/23/2020 0:00,9:19:57,6,CODE 6
PD20032400000358,Outside,,3/24/2020 0:00,2:31:35,6,CODE 6
PD20032100001166,Outside,,3/21/2020 0:00,9:04:08,6,CODE 6
PD20032400004070,77th Street,1269,3/24/2020 0:00,17:07:05,245FJ,SHOTS FIRED J/O
PD20032400001412,Central,111,3/24/2020 0:00,9:19:57,6,CODE 6
PD20032100005252,Newton,1354,3/21/2020 0:00,23:34:08,2884I,ABUSE INVEST
PD20032600002114,Outside,,3/26/2020 0:00,11:51:48,6,CODE 6
PD20032100003424,Southeast,1834,3/21/2020 0:00,17:33:29,484SL,SUSP J/L
PD20032300001182,Hollenbeck,411,3/23/2020 0:00,8:43:35,6,CODE 6
PD20032600001427,Mission,1982,3/26/2020 0:00,9:29:54,6,CODE 6
PD20032600002373,Northeast,1136,3/26/2020 0:00,12:44:06,620D,DOM VIOL
PD20032100004096,Olympic,2027,3/21/2020 0:00,19:35:40,415M,MAN
PD20032400001828,Outside,,3/24/2020 0:00,10:46:24,6,CODE 6
PD20032200001262,Southwest,376,3/22/2020 0:00,9:31:16,6,CODE 6
PD20032400005787,Outside,,3/24/2020 0:00,23:01:52,6,CODE 6
PD20032700000584,Newton,1317,3/27/2020 0:00,5:30:46,484PS,POSS SUSP
PD20032100000910,Outside,,3/21/2020 0:00,7:25:09,6,CODE 6
PD20032400004868,Hollywood,629,3/24/2020 0:00,19:40:54,6,CODE 6
PD20032500004611,Topanga,2185,3/25/2020 0:00,19:08:55,921C,COMPLAINT
PD20032200002376,Topanga,2101,3/22/2020 0:00,14:08:21,415M,MAN
PD20032100003611,Outside,,3/21/2020 0:00,18:01:30,6,CODE 6
PD20032700003158,Van Nuys,911,3/27/2020 0:00,16:19:00,484TSN,ATT SUSP NOW
PD20032800004328,Outside,,3/28/2020 0:00,20:37:41,6,CODE 6
PD20032800003687,Foothill,1687,3/28/2020 0:00,18:45:36,242DS,DOM VIOL SUSP
PD20032100003016,N Hollywood,1585,3/21/2020 0:00,16:26:09,5111,RECKLESS DRIVER CAR
PD20032500001536,Outside,,3/25/2020 0:00,9:46:51,6,CODE 6
PD20032200003557,Outside,,3/22/2020 0:00,19:22:35,6,CODE 6
PD20032600000341,Outside,,3/26/2020 0:00,2:24:29,6,CODE 6
PD20032300000344,Harbor,584,3/23/2020 0:00,3:16:58,9212,TRESPASS SUSP
PD20032100001222,West LA,886,3/21/2020 0:00,9:34:26,415G,GRP
PD20032300004287,Outside,,3/23/2020 0:00,18:27:21,6,CODE 6
PD20032100000645,Outside,,3/21/2020 0:00,5:12:06,6,CODE 6
PD20032400005454,Van Nuys,939,3/24/2020 0:00,21:39:01,906B1C,CZ RPTS RINGER
PD20032500003876,Outside,,3/25/2020 0:00,16:45:49,6,CODE 6
PD20032500003928,Newton,1303,3/25/2020 0:00,18:32:29,507O,OTHER
PD20032700004456,Olympic,2039,3/27/2020 0:00,20:19:44,620N,NEIGHBOR
PD20032300002078,Outside,,3/23/2020 0:00,11:45:05,6,CODE 6
PD20032300004980,Topanga,2173,3/23/2020 0:00,20:58:21,242PS,POSS SUSP
PD20032200002634,Outside,,3/22/2020 0:00,15:11:12,6,CODE 6
PD20032300004251,Pacific,1413,3/23/2020 0:00,18:20:29,415GF,GROUP FIGHT
PD20032500005027,77th Street,1263,3/25/2020 0:00,20:15:28,415W,WOMAN
PD20032300001963,Outside,,3/23/2020 0:00,11:23:22,6,CODE 6
PD20032700002897,Topanga,2146,3/27/2020 0:00,15:25:08,242SN,SUSP NOW
PD20032200000289,Wilshire,774,3/22/2020 0:00,1:19:10,620M,MAN/WMN
PD20032600000378,Newton,1325,3/26/2020 0:00,2:57:18,900,UNKNOWN TROUBLE
PD20032200000419,Hollenbeck,452,3/22/2020 0:00,2:14:38,907A2,AMB O/D
PD20032700005320,Rampart,251,3/27/2020 0:00,23:14:16,246H,HEARD ONLY
PD20032300003755,Outside,,3/23/2020 0:00,16:46:37,902,TRAFFIC STOP
PD20032400005160,Rampart,245,3/24/2020 0:00,20:36:53,620LR,LANDLORD TENANT R/O
PD20032700000023,Outside,,3/27/2020 0:00,0:06:34,6,CODE 6
PD20032500003755,Outside,,3/25/2020 0:00,16:26:01,6,CODE 6
PD20032500005877,Outside,,3/25/2020 0:00,23:19:08,902,TRAFFIC STOP
PD20032500001173,Outside,,3/25/2020 0:00,8:45:26,6,CODE 6
PD20032700005431,Outside,,3/27/2020 0:00,23:39:23,6,CODE 6
PD20032700002968,Southeast,1849,3/27/2020 0:00,15:38:15,6,CODE 6
PD20032700003578,Central,163,3/27/2020 0:00,17:35:33,907PA3,POSS AMB ATT SUICIDE
PD20032400004778,Southwest,328,3/24/2020 0:00,19:21:44,6,CODE 6
PD20032100000330,Outside,,3/21/2020 0:00,1:41:16,6,CODE 6
PD20032300003751,Central,142,3/23/2020 0:00,16:49:33,390M,MAN
PD20032700000293,West LA,831,3/27/2020 0:00,1:56:58,390G,GRP
PD20032500004240,Outside,,3/25/2020 0:00,17:48:38,6,CODE 6
PD20032300002040,Central,166,3/23/2020 0:00,11:39:45,245X,I/P
PD20032800002482,Devonshire,1781,3/28/2020 0:00,14:21:07,594SN,SUSP NOW
PD20032700005340,Rampart,245,3/27/2020 0:00,23:18:47,246H,HEARD ONLY
PD20032800000709,Outside,,3/28/2020 0:00,5:31:01,6,CODE 6
PD20032500005725,Outside,,3/25/2020 0:00,22:42:38,6,CODE 6
PD20032800000931,Outside,,3/28/2020 0:00,7:27:49,6,CODE 6
PD20032200002994,Pacific,1479,3/22/2020 0:00,16:55:18,415G,GRP
PD20032800001022,Pacific,1477,3/28/2020 0:00,7:53:08,6,CODE 6
PD20032700001960,N Hollywood,1557,3/27/2020 0:00,11:53:56,6,CODE 6
PD20032400001815,Topanga,2173,3/24/2020 0:00,10:45:11,906B4,OTHER/459 SILENT
PD20032800000430,Devonshire,1737,3/28/2020 0:00,2:30:01,484SN,SUSP NOW
PD20032200000966,Outside,,3/22/2020 0:00,7:40:34,6,CODE 6
PD20032700004250,Outside,,3/27/2020 0:00,19:42:53,6,CODE 6
PD20032800002804,Topanga,2183,3/28/2020 0:00,15:59:23,9212,TRESPASS SUSP
PD20032600003985,West Valley,1091,3/26/2020 0:00,17:44:24,507P,PARTY
PD20032200000369,West LA,849,3/22/2020 0:00,1:48:08,921C,COMPLAINT
PD20032600002745,Outside,,3/26/2020 0:00,13:54:57,6,CODE 6
PD20032700005363,Outside,,3/27/2020 0:00,23:21:11,6,CODE 6
PD20032100005310,Hollywood,622,3/21/2020 0:00,23:56:54,507P,PARTY
PD20032600005255,Rampart,247,3/26/2020 0:00,22:22:25,507R,RADIO
PD20032700000495,N Hollywood,1591,3/27/2020 0:00,4:16:31,484SL,SUSP J/L
PD20032300005159,Outside,,3/23/2020 0:00,21:34:04,6,CODE 6
PD20032600000148,77th Street,1283,3/26/2020 0:00,0:50:08,507R,RADIO
PD20032800000958,Outside,,3/28/2020 0:00,7:36:13,6,CODE 6
PD20032500005289,Outside,,3/25/2020 0:00,21:08:48,902,TRAFFIC STOP
PD20032700000693,Central,157,3/27/2020 0:00,6:47:26,415M,MAN
PD20032400005456,Southeast,1836,3/24/2020 0:00,22:48:17,620F,FAMILY
PD20032700002809,Outside,,3/27/2020 0:00,15:05:47,6,CODE 6
PD20032100000873,77th Street,1252,3/21/2020 0:00,7:13:33,4591I,BFV INVEST
PD20032300005516,Hollenbeck,467,3/23/2020 0:00,22:50:45,246H,HEARD ONLY
PD20032400002936,Outside,,3/24/2020 0:00,13:55:39,6,CODE 6
PD20032200000796,Outside,,3/22/2020 0:00,6:03:50,6,CODE 6
PD20032300005011,Olympic,2034,3/23/2020 0:00,21:04:42,594SN,SUSP NOW
PD20032100000287,Olympic,2021,3/21/2020 0:00,1:26:20,242AD,AMB DOM VIOL
PD20032400003984,Newton,1342,3/24/2020 0:00,16:57:42,9065,VISUAL (C30 VICTOR)
PD20032800005243,Hollenbeck,455,3/28/2020 0:00,23:53:04,507P,PARTY
PD20032800004362,Outside,,3/28/2020 0:00,20:44:42,6,CODE 6
PD20032400000712,Van Nuys,904,3/24/2020 0:00,7:08:30,918PM,POSS MALE
PD20032300002584,Harbor,563,3/23/2020 0:00,13:24:24,245SN,SUSP NOW
PD20032300000248,Rampart,211,3/23/2020 0:00,2:30:58,507R,RADIO
PD20032700003620,Outside,,3/27/2020 0:00,17:41:54,6,CODE 6
PD20032700005330,Rampart,245,3/27/2020 0:00,23:15:50,246H,HEARD ONLY
PD20032100002223,Outside,,3/21/2020 0:00,13:21:44,6,CODE 6
PD20032200001158,Outside,,3/22/2020 0:00,8:57:43,6,CODE 6
PD20032100004051,Foothill,1612,3/21/2020 0:00,19:25:06,620N,NEIGHBOR
PD20032600000698,Outside,,3/26/2020 0:00,6:38:59,6,CODE 6
PD20032200002563,Outside,,3/22/2020 0:00,14:53:13,902,TRAFFIC STOP
PD20032400005977,77th Street,1239,3/24/2020 0:00,23:54:05,6,CODE 6
PD20032400003931,West Valley,1037,3/24/2020 0:00,16:43:10,415G,GRP
PD20032100004215,Outside,,3/21/2020 0:00,20:00:11,6,CODE 6
PD20032500004780,West LA,836,3/25/2020 0:00,19:29:38,9049,REFUSING ID
PD20032700004305,Outside,,3/27/2020 0:00,19:51:53,6,CODE 6
PD20032700001562,Outside,,3/27/2020 0:00,10:09:56,6,CODE 6
PD20032400002349,Outside,,3/24/2020 0:00,12:12:40,6,CODE 6
PD20032700000165,Wilshire,734,3/27/2020 0:00,1:13:25,507R,RADIO
PD20032600005578,Outside,,3/26/2020 0:00,22:55:23,6,CODE 6
PD20032600002448,Outside,,3/26/2020 0:00,13:00:46,6,CODE 6
PD20032400005389,Outside,,3/24/2020 0:00,21:26:43,6,CODE 6
PD20032700002533,77th Street,1256,3/27/2020 0:00,14:00:08,245S,SUSP
PD20032700004257,Outside,,3/27/2020 0:00,19:44:06,6,CODE 6
PD20032700003768,Outside,,3/27/2020 0:00,18:05:34,6,CODE 6
PD20032800003023,Outside,,3/28/2020 0:00,16:20:51,6,CODE 6
PD20032100003013,N Hollywood,1543,3/21/2020 0:00,16:13:05,904AP,AMB PEDESTRIAN INVOL
PD20032300003612,Outside,,3/23/2020 0:00,16:23:35,6,CODE 6
PD20032800005096,Outside,,3/28/2020 0:00,23:06:55,902,TRAFFIC STOP
PD20032500001340,Northeast,1101,3/25/2020 0:00,9:15:21,907P3,POSS ATT SUICIDE
PD20032100003265,Newton,1317,3/21/2020 0:00,17:00:14,4591S,BFV SUSP
PD20032800004223,77th Street,1211,3/28/2020 0:00,20:21:05,620F,FAMILY
PD20032300005042,N Hollywood,1523,3/23/2020 0:00,21:15:56,907A3,AMB ATT SUICIDE
PD20032800003046,Rampart,203,3/28/2020 0:00,17:01:45,9212,TRESPASS SUSP
PD20032100001153,Outside,,3/21/2020 0:00,9:01:52,902,TRAFFIC STOP
PD20032100004735,Outside,,3/21/2020 0:00,21:40:45,6,CODE 6
PD20032100003755,Outside,,3/21/2020 0:00,18:25:22,6,CODE 6
PD20032600005130,Outside,,3/26/2020 0:00,21:14:39,6,CODE 6
PD20032400003074,Outside,,3/24/2020 0:00,14:22:51,6,CODE 6
PD20032200003290,Foothill,1667,3/22/2020 0:00,18:08:19,484S,SUSP
PD20032300002028,Devonshire,1721,3/23/2020 0:00,11:43:05,927AD,AMB D/B
PD20032300001726,Southwest,393,3/23/2020 0:00,10:41:27,620N,NEIGHBOR
PD20032400002695,Outside,,3/24/2020 0:00,13:17:39,6,CODE 6
PD20032400003067,Hollywood,645,3/24/2020 0:00,14:22:41,390M,MAN
PD20032500005220,Outside,,3/25/2020 0:00,20:53:08,6,CODE 6
PD20032300000873,Outside,,3/23/2020 0:00,7:45:09,6,CODE 6
PD20032200002980,Outside,,3/22/2020 0:00,16:45:31,6,CODE 6
PD20032100000216,Mission,1991,3/21/2020 0:00,0:59:35,902,TRAFFIC STOP
PD20032800000237,Outside,,3/28/2020 0:00,1:08:19,6,CODE 6
PD20032400002459,Outside,,3/24/2020 0:00,12:35:04,6,CODE 6
PD20032700003455,Outside,,3/27/2020 0:00,17:11:43,6,CODE 6
PD20032100004660,Outside,,3/21/2020 0:00,21:26:53,6,CODE 6
PD20032800000595,Outside,,3/28/2020 0:00,3:57:47,6,CODE 6
PD20032400000350,Outside,,3/24/2020 0:00,2:29:13,6,CODE 6
PD20032600005428,Outside,,3/26/2020 0:00,22:20:13,6,CODE 6
PD20032100000155,Mission,1981,3/21/2020 0:00,0:46:13,507P,PARTY
PD20032100001784,Outside,,3/21/2020 0:00,11:39:04,6,CODE 6
PD20032300003258,Outside,,3/23/2020 0:00,15:19:08,6,CODE 6
PD20032400004566,Outside,,3/24/2020 0:00,18:39:31,6,CODE 6
PD20032100004055,Outside,,3/21/2020 0:00,19:24:44,6,CODE 6
PD20032200003041,Newton,1343,3/22/2020 0:00,17:06:44,242SN,SUSP NOW
PD20032200000132,77th Street,1249,3/22/2020 0:00,0:34:22,415G,GRP
PD20032100004362,Outside,,3/21/2020 0:00,20:26:21,6,CODE 6
PD20032800005169,Foothill,1672,3/28/2020 0:00,23:24:15,415F,FIGHT
PD20032700005513,Wilshire,749,3/28/2020 0:00,0:00:11,906R,ROBBERY (211 SILENT)
PD20032400000638,Outside,,3/24/2020 0:00,6:00:57,6,CODE 6
PD20032700004944,Newton,1385,3/27/2020 0:00,21:55:46,930M,MAN
PD20032500003506,Van Nuys,984,3/25/2020 0:00,15:52:00,507R,RADIO
PD20032500003172,Hollywood,638,3/25/2020 0:00,14:57:50,5033I,GTA INVEST
PD20032800002255,Northeast,1117,3/28/2020 0:00,13:24:34,9201,CHILD
PD20032200003542,Harbor,506,3/22/2020 0:00,19:20:22,415M,MAN
PD20032100004936,Harbor,557,3/21/2020 0:00,22:53:47,921C,COMPLAINT
PD20032600005766,Northeast,1184,3/26/2020 0:00,23:47:59,620M,MAN/WMN
PD20032500000756,Outside,,3/25/2020 0:00,7:19:43,6,CODE 6
PD20032500004727,Outside,,3/25/2020 0:00,19:18:01,6,CODE 6
PD20032600004675,Outside,,3/26/2020 0:00,19:46:54,6,CODE 6
PD20032500002839,Outside,,3/25/2020 0:00,13:54:43,6,CODE 6
PD20032800003400,Northeast,1134,3/28/2020 0:00,18:12:49,415G,GRP
PD20032200003667,77th Street,1213,3/22/2020 0:00,19:54:12,2451SL,W/VEH SUSP J/L
PD20032100001939,Outside,,3/21/2020 0:00,12:11:17,6,CODE 6
PD20032500002518,Southeast,1836,3/25/2020 0:00,12:56:34,900,UNKNOWN TROUBLE
PD20032300002380,Outside,,3/23/2020 0:00,12:43:17,6,CODE 6
PD20032100002506,Mission,1961,3/21/2020 0:00,14:43:56,9212,TRESPASS SUSP
PD20032700002062,Outside,,3/27/2020 0:00,12:17:11,6,CODE 6
PD20032700005105,Outside,,3/27/2020 0:00,22:25:49,6,CODE 6
PD20032600001253,Outside,,3/26/2020 0:00,8:51:42,6,CODE 6
PD20032400002518,Outside,,3/24/2020 0:00,12:46:29,6,CODE 6
PD20032500000910,Outside,,3/25/2020 0:00,7:55:14,6,CODE 6
PD20032500002059,Northeast,1162,3/25/2020 0:00,11:38:19,503P3,POSS GTA
PD20032700004056,Outside,,3/27/2020 0:00,19:05:14,6,CODE 6
PD20032400001331,Outside,,3/24/2020 0:00,9:03:46,6,CODE 6
PD20032800002075,Outside,,3/28/2020 0:00,12:44:00,6,CODE 6
PD20032600003033,Central,166,3/26/2020 0:00,15:16:56,507R,RADIO
PD20032100000343,Wilshire,734,3/21/2020 0:00,1:51:21,415M,MAN
PD20032700002244,Outside,,3/27/2020 0:00,12:51:47,6,CODE 6
PD20032200000735,Central,155,3/22/2020 0:00,5:31:53,459J,J/O
PD20032700002833,Outside,,3/27/2020 0:00,15:10:59,6,CODE 6
PD20032400005500,Outside,,3/24/2020 0:00,21:47:11,6,CODE 6
PD20032500000750,Outside,,3/25/2020 0:00,7:17:51,6,CODE 6
PD20032300001255,Outside,,3/23/2020 0:00,8:57:25,6,CODE 6
PD20032500002022,Outside,,3/25/2020 0:00,11:23:00,6,CODE 6
PD20032200004427,Hollywood,645,3/22/2020 0:00,23:56:43,4591I,BFV INVEST
PD20032500000149,Outside,,3/25/2020 0:00,0:56:33,6,CODE 6
PD20032500005357,N Hollywood,1599,3/25/2020 0:00,21:24:51,459I,INVEST
PD20032300003283,Central,127,3/23/2020 0:00,15:23:19,6,CODE 6
PD20032300000197,West Valley,1083,3/23/2020 0:00,1:40:39,907A2,AMB O/D
PD20032200003646,West Valley,1011,3/22/2020 0:00,19:50:34,459SN,SUSP NOW
PD20032100003602,Outside,,3/21/2020 0:00,18:00:44,6,CODE 6
PD20032700003258,Devonshire,1708,3/27/2020 0:00,16:53:31,415G,GRP
PD20032600005339,77th Street,1248,3/26/2020 0:00,22:16:50,900,UNKNOWN TROUBLE
PD20032700005406,Newton,1371,3/27/2020 0:00,23:33:17,245DSN,DOM VIOL SUSP NOW
PD20032500004334,Outside,,3/25/2020 0:00,18:04:12,6,CODE 6
PD20032500004125,Olympic,2014,3/25/2020 0:00,17:30:35,9065,VISUAL (C30 VICTOR)
PD20032200001704,N Hollywood,1532,3/22/2020 0:00,11:27:49,902,TRAFFIC STOP
PD20032100005275,Harbor,526,3/21/2020 0:00,23:30:15,4151,PARTY
PD20032600003520,Foothill,1689,3/26/2020 0:00,16:18:53,484SL,SUSP J/L
PD20032100000153,Harbor,514,3/21/2020 0:00,0:43:36,415M,MAN
PD20032100000475,Central,111,3/21/2020 0:00,3:11:18,9073,ATT SUICIDE
PD20032100005191,Outside,,3/21/2020 0:00,23:04:57,6,CODE 6
PD20032700000128,Hollywood,646,3/27/2020 0:00,0:49:43,242SN,SUSP NOW
PD20032400001470,Outside,,3/24/2020 0:00,9:30:56,6,CODE 6
PD20032700005430,West LA,893,3/28/2020 0:00,0:12:33,906B1,CODE 30 RINGER
PD20032500001940,Outside,,3/25/2020 0:00,11:07:04,902,TRAFFIC STOP
PD20032400004107,Van Nuys,941,3/24/2020 0:00,17:20:37,907A3,AMB ATT SUICIDE
PD20032400000156,Outside,,3/24/2020 0:00,0:48:59,6,CODE 6
PD20032700000186,Foothill,1621,3/27/2020 0:00,1:16:46,594SN,SUSP NOW
PD20032200003351,Outside,,3/22/2020 0:00,18:22:42,6,CODE 6
PD20032800000605,Southwest,357,3/28/2020 0:00,4:04:30,459PSN,POSS SUSP NOW
PD20032100003717,West LA,836,3/21/2020 0:00,18:19:42,245SL,SUSP J/L
PD20032200002038,Outside,,3/22/2020 0:00,12:44:52,6,CODE 6
PD20032600001622,Outside,,3/26/2020 0:00,10:09:38,6,CODE 6
PD20032400004434,Outside,,3/24/2020 0:00,18:11:50,6,CODE 6
PD20032300004256,N Hollywood,1567,3/23/2020 0:00,18:42:31,415G,GRP
PD20032200001046,Southwest,321,3/22/2020 0:00,8:21:21,245SN,SUSP NOW
PD20032700004696,Outside,,3/27/2020 0:00,21:10:12,6,CODE 6
PD20032200002752,Pacific,1476,3/22/2020 0:00,16:26:38,507R,RADIO
PD20032100002628,Outside,,3/21/2020 0:00,14:46:00,6,CODE 6
PD20032600002619,Central,159,3/26/2020 0:00,13:34:48,906B1,CODE 30 RINGER
PD20032100001673,Outside,,3/21/2020 0:00,11:13:44,902,TRAFFIC STOP
PD20032700000550,Pacific,1489,3/27/2020 0:00,4:57:58,415M,MAN
PD20032800002395,Pacific,1412,3/28/2020 0:00,13:58:50,415G,GRP
PD20032100000693,Outside,,3/21/2020 0:00,5:43:06,6,CODE 6
PD20032600003593,Outside,,3/26/2020 0:00,16:28:57,6,CODE 6
PD20032600003936,Outside,,3/26/2020 0:00,17:24:13,6,CODE 6
PD20032800005227,Outside,,3/28/2020 0:00,23:37:01,6,CODE 6
PD20032700002206,Rampart,218,3/27/2020 0:00,13:17:21,620F,FAMILY
PD20032100003427,Pacific,1414,3/21/2020 0:00,17:30:53,415G,GRP
PD20032100004544,Outside,,3/21/2020 0:00,21:04:22,6,CODE 6
PD20032600002142,Outside,,3/26/2020 0:00,11:55:54,6,CODE 6
PD20032600003498,West Valley,1033,3/26/2020 0:00,16:12:20,902,TRAFFIC STOP
PD20032300002345,Hollywood,678,3/23/2020 0:00,12:41:55,242J,J/O
PD20032700002386,Outside,,3/27/2020 0:00,13:25:44,6,CODE 6
PD20032700000373,Wilshire,776,3/27/2020 0:00,2:40:05,459SN,SUSP NOW
PD20032100003925,Outside,,3/21/2020 0:00,18:59:07,6,CODE 6
PD20032800002064,Wilshire,765,3/28/2020 0:00,12:45:10,415W,WOMAN
PD20032700001531,Outside,,3/27/2020 0:00,10:02:06,6,CODE 6
PD20032100001994,Mission,1983,3/21/2020 0:00,12:28:09,245S,SUSP
PD20032800000949,Outside,,3/28/2020 0:00,7:32:25,6,CODE 6
PD20032100000792,Central,111,3/21/2020 0:00,6:49:02,9212,TRESPASS SUSP
PD20032700004604,Van Nuys,941,3/27/2020 0:00,21:12:45,507O,OTHER
PD20032600000207,Harbor,585,3/26/2020 0:00,1:32:52,415G,GRP
PD20032500004982,Outside,,3/25/2020 0:00,20:06:45,6,CODE 6
PD20032500005014,Outside,,3/25/2020 0:00,20:11:22,6,CODE 6
PD20032100004679,Outside,,3/21/2020 0:00,21:30:49,6,CODE 6
PD20032700002051,Pacific,1432,3/27/2020 0:00,12:15:07,415M,MAN
PD20032600004233,Hollywood,622,3/26/2020 0:00,18:23:01,906B1,CODE 30 RINGER
PD20032400003837,Central,138,3/24/2020 0:00,16:28:46,242J,J/O
PD20032100002593,Outside,,3/21/2020 0:00,14:38:06,6,CODE 6
PD20032700000617,Hollenbeck,412,3/27/2020 0:00,5:41:18,9212N,TRESPASS SUSP NOW
PD20032700000500,Rampart,231,3/27/2020 0:00,4:36:24,4591SN,BFV SUSP NOW
PD20032300002835,Outside,,3/23/2020 0:00,14:08:27,6,CODE 6
PD20032500000715,Outside,,3/25/2020 0:00,7:04:01,6,CODE 6
PD20032500001315,Outside,,3/25/2020 0:00,9:08:43,6,CODE 6
PD20032100000474,77th Street,1203,3/21/2020 0:00,3:40:15,507P,PARTY
PD20032600004176,Outside,,3/26/2020 0:00,18:06:58,6,CODE 6
PD20032200002361,77th Street,1211,3/22/2020 0:00,14:04:26,211PSN,POSS SUSP NOW
PD20032600002774,Outside,,3/26/2020 0:00,13:59:21,6,CODE 6
PD20032100003156,Outside,,3/21/2020 0:00,16:36:31,6,CODE 6
PD20032700002275,Outside,,3/27/2020 0:00,12:58:20,6,CODE 6
PD20032300002074,Olympic,2034,3/23/2020 0:00,11:48:34,907P3,POSS ATT SUICIDE
PD20032500001074,Mission,1924,3/25/2020 0:00,8:30:09,906R,ROBBERY (211 SILENT)
PD20032200003816,Rampart,216,3/22/2020 0:00,20:38:31,415G,GRP
PD20032500005992,Outside,,3/25/2020 0:00,23:53:47,6,CODE 6
PD20032800004639,Outside,,3/28/2020 0:00,21:39:02,6,CODE 6
PD20032100004046,Topanga,2143,3/21/2020 0:00,19:25:17,484O5,OFCR HLDG SHOPLIFT
PD20032500000854,Outside,,3/25/2020 0:00,7:45:01,6,CODE 6
PD20032200001594,Central,138,3/22/2020 0:00,11:02:26,906B1,CODE 30 RINGER
PD20032700005492,Southeast,1806,3/28/2020 0:00,0:48:50,507P,PARTY
PD20032800001496,Harbor,513,3/28/2020 0:00,10:18:41,902,TRAFFIC STOP
PD20032700004817,Olympic,2026,3/27/2020 0:00,21:32:40,211TSL,ATT SUSP J/L
PD20032300004163,Hollywood,648,3/23/2020 0:00,18:07:42,415G,GRP
PD20032100003854,Outside,,3/21/2020 0:00,18:43:39,6,CODE 6
PD20032100004091,N Hollywood,1509,3/21/2020 0:00,19:33:31,906B1,CODE 30 RINGER
PD20032100003714,West LA,883,3/21/2020 0:00,18:18:19,6,CODE 6
PD20032700003356,Outside,,3/27/2020 0:00,16:55:34,6,CODE 6
PD20032700000372,Outside,,3/27/2020 0:00,2:38:59,6,CODE 6
PD20032800004123,Wilshire,763,3/28/2020 0:00,20:03:29,415M,MAN
PD20032200001015,Southwest,395,3/22/2020 0:00,8:08:23,9073,ATT SUICIDE
PD20032100002059,Outside,,3/21/2020 0:00,12:41:25,6,CODE 6
PD20032600001593,Hollywood,645,3/26/2020 0:00,10:02:45,902,TRAFFIC STOP
PD20032700002301,Wilshire,752,3/27/2020 0:00,13:07:18,620N,NEIGHBOR
PD20032500004089,Outside,,3/25/2020 0:00,17:21:41,6,CODE 6
PD20032800002346,Pacific,1407,3/28/2020 0:00,13:46:17,415W,WOMAN
PD20032200000684,Newton,1331,3/22/2020 0:00,4:50:04,9212,TRESPASS SUSP
PD20032300003296,Olympic,2062,3/23/2020 0:00,15:26:08,902,TRAFFIC STOP
PD20032400003501,West Valley,1015,3/24/2020 0:00,15:32:18,904A,AMB
PD20032300005137,Outside,,3/23/2020 0:00,21:29:44,6,CODE 6
PD20032100000422,Foothill,1653,3/21/2020 0:00,2:46:15,507O,OTHER
PD20032800002426,Devonshire,1723,3/28/2020 0:00,14:06:10,415G,GRP
PD20032800002539,Outside,,3/28/2020 0:00,14:29:03,6,CODE 6
PD20032100004149,Outside,,3/21/2020 0:00,19:44:13,6,CODE 6
PD20032600002669,Outside,,3/26/2020 0:00,13:42:42,6,CODE 6
PD20032500003575,Mission,1985,3/25/2020 0:00,17:09:53,6201,ROOMMATE
PD20032100005150,Rampart,245,3/21/2020 0:00,23:23:45,242J,J/O
PD20032400004073,Outside,,3/24/2020 0:00,17:06:33,6,CODE 6
PD20032300004153,Outside,,3/23/2020 0:00,18:02:25,6,CODE 6
PD20032700002998,Outside,,3/27/2020 0:00,15:43:13,902,TRAFFIC STOP
PD20032200003745,Central,138,3/22/2020 0:00,20:17:27,415M8W,MAN ASSLTG WMN
PD20032200002995,Outside,,3/22/2020 0:00,16:50:23,6,CODE 6
PD20032400001344,Devonshire,1781,3/24/2020 0:00,9:08:19,242A,AMB
PD20032100001200,West LA,886,3/21/2020 0:00,9:16:29,415M,MAN
PD20032800001908,West Valley,1003,3/28/2020 0:00,12:04:57,242SL,SUSP J/L
PD20032400004860,Outside,,3/24/2020 0:00,19:39:31,6,CODE 6
PD20032800004748,Hollenbeck,471,3/28/2020 0:00,22:03:12,507P,PARTY
PD20032400004572,Harbor,521,3/24/2020 0:00,18:41:22,484SN,SUSP NOW
PD20032700002228,Outside,,3/27/2020 0:00,12:48:15,6,CODE 6
PD20032100001454,Outside,,3/21/2020 0:00,10:28:50,902,TRAFFIC STOP
PD20032500001276,77th Street,1204,3/25/2020 0:00,9:15:57,242PD,POSS DOM VIOL
PD20032400003997,Northeast,1142,3/24/2020 0:00,16:55:50,620B,BUSN
PD20032800003316,77th Street,1219,3/28/2020 0:00,17:24:31,507O,OTHER
PD20032800002662,Harbor,566,3/28/2020 0:00,15:00:55,415M6,MAN W/KNIVES
PD20032700002435,Central,166,3/27/2020 0:00,13:41:29,918M,MALE
PD20032800002817,Outside,,3/28/2020 0:00,15:36:32,6,CODE 6
PD20032700005129,Outside,,3/27/2020 0:00,22:31:09,6,CODE 6
PD20032300005469,Hollywood,629,3/23/2020 0:00,22:38:27,484SN,SUSP NOW
PD20032200001521,Outside,,3/22/2020 0:00,10:47:12,6,CODE 6
PD20032500004650,Outside,,3/25/2020 0:00,19:03:20,902,TRAFFIC STOP
PD20032500002270,Outside,,3/25/2020 0:00,12:10:41,902,TRAFFIC STOP
PD20032500002890,Outside,,3/25/2020 0:00,14:01:51,6,CODE 6
PD20032300003494,Outside,,3/23/2020 0:00,15:59:31,6,CODE 6
PD20032700004319,Mission,1918,3/27/2020 0:00,19:55:59,9282,ADULT
PD20032600004415,Outside,,3/26/2020 0:00,18:51:51,6,CODE 6
PD20032600000045,Outside,,3/26/2020 0:00,0:07:41,6,CODE 6
PD20032700003155,Southeast,1824,3/27/2020 0:00,16:21:57,242SN,SUSP NOW
PD20032700001786,Outside,,3/27/2020 0:00,11:04:42,902,TRAFFIC STOP
PD20032600000218,Outside,,3/26/2020 0:00,1:14:34,902,TRAFFIC STOP
PD20032600005454,Outside,,3/26/2020 0:00,22:26:26,6,CODE 6
PD20032500002412,Outside,,3/25/2020 0:00,12:35:17,6,CODE 6
PD20032500004203,Wilshire,736,3/25/2020 0:00,17:42:46,6,CODE 6
PD20032100000632,Olympic,2099,3/21/2020 0:00,5:00:06,620FR,FAMILY R/O
PD20032300000833,Outside,,3/23/2020 0:00,7:36:39,6,CODE 6
PD20032300005510,Outside,,3/23/2020 0:00,22:47:33,6,CODE 6
PD20032400003488,Rampart,261,3/24/2020 0:00,15:32:55,620M,MAN/WMN
PD20032100000130,Outside,,3/21/2020 0:00,0:30:51,6,CODE 6
PD20032400002793,Newton,1362,3/24/2020 0:00,13:36:42,390M,MAN
PD20032700000230,Van Nuys,904,3/27/2020 0:00,1:21:55,6,CODE 6
PD20032700004228,Outside,,3/27/2020 0:00,19:37:41,6,CODE 6
PD20032500005223,Outside,,3/25/2020 0:00,20:54:33,902,TRAFFIC STOP
PD20032200003174,Central,101,3/22/2020 0:00,17:33:24,245SN,SUSP NOW
PD20032800002266,N Hollywood,1503,3/28/2020 0:00,13:25:15,245SN,SUSP NOW
PD20032400005770,Foothill,1664,3/24/2020 0:00,22:59:47,906B1,CODE 30 RINGER
PD20032700000543,Foothill,1602,3/27/2020 0:00,4:48:22,900,UNKNOWN TROUBLE
PD20032700003250,Outside,,3/27/2020 0:00,16:35:27,6,CODE 6
PD20032300004727,Olympic,2015,3/23/2020 0:00,20:09:51,415M,MAN
PD20032400002920,77th Street,1268,3/24/2020 0:00,14:31:30,600L,LOCATED
PD20032600004128,West LA,859,3/26/2020 0:00,17:57:05,6,CODE 6
PD20032700002818,Outside,,3/27/2020 0:00,15:07:38,6,CODE 6
PD20032100003681,Van Nuys,939,3/21/2020 0:00,18:28:01,390M,MAN
PD20032600001588,Van Nuys,906,3/26/2020 0:00,10:02:19,930W,WMN
PD20032600001261,Outside,,3/26/2020 0:00,8:53:17,6,CODE 6
PD20032400005145,Hollenbeck,412,3/24/2020 0:00,20:34:50,415M8W,MAN ASSLTG WMN
PD20032800005179,Outside,,3/28/2020 0:00,23:24:43,6,CODE 6
PD20032500000323,Mission,1902,3/25/2020 0:00,2:41:08,245,ADW
PD20032400004856,Southwest,397,3/24/2020 0:00,19:52:52,507R,RADIO
PD20032400004238,Outside,,3/24/2020 0:00,17:37:13,6,CODE 6
PD20032300004493,Hollywood,622,3/23/2020 0:00,19:25:12,620M,MAN/WMN
PD20032100001708,Hollywood,667,3/21/2020 0:00,11:33:53,9212,TRESPASS SUSP
PD20032400004582,Topanga,2128,3/24/2020 0:00,18:56:02,242S,SUSP
PD20032800000147,Foothill,1605,3/28/2020 0:00,0:43:19,930W,WMN
PD20032400001284,Outside,,3/24/2020 0:00,8:53:43,6,CODE 6
PD20032400004200,77th Street,1243,3/24/2020 0:00,17:31:53,415W,WOMAN
PD20032300002321,Outside,,3/23/2020 0:00,12:30:29,6,CODE 6
PD20032600000313,Outside,,3/26/2020 0:00,2:09:35,6,CODE 6
PD20032300003933,Devonshire,1743,3/23/2020 0:00,17:20:54,6,CODE 6
PD20032400005472,Hollenbeck,423,3/24/2020 0:00,21:41:50,6,CODE 6
PD20032600002067,Outside,,3/26/2020 0:00,11:42:16,6,CODE 6
PD20032100004282,Outside,,3/21/2020 0:00,20:11:52,6,CODE 6
PD20032400000297,Outside,,3/24/2020 0:00,1:52:42,6,CODE 6
PD20032500000447,Outside,,3/25/2020 0:00,4:07:12,6,CODE 6
PD20032500003074,Outside,,3/25/2020 0:00,14:36:13,6,CODE 6
PD20032100001653,Topanga,2105,3/21/2020 0:00,11:09:34,6,CODE 6
PD20032800001374,Harbor,507,3/28/2020 0:00,9:51:25,507O,OTHER
PD20032600003627,Topanga,2177,3/26/2020 0:00,16:34:42,6,CODE 6
PD20032500003841,Harbor,584,3/25/2020 0:00,16:44:21,484I,INVEST
PD20032600005728,Wilshire,778,3/26/2020 0:00,23:37:44,6,CODE 6
PD20032800001432,Outside,,3/28/2020 0:00,10:01:51,6,CODE 6
PD20032100002347,Topanga,2142,3/21/2020 0:00,13:57:02,415W,WOMAN
PD20032400000918,Outside,,3/24/2020 0:00,7:41:11,6,CODE 6
PD20032100000887,West LA,857,3/21/2020 0:00,7:18:01,415M,MAN
PD20032800003150,Pacific,1413,3/28/2020 0:00,18:54:22,507P,PARTY
PD20032400005831,N Hollywood,1557,3/24/2020 0:00,23:15:16,507R,RADIO
PD20032300001380,Outside,,3/23/2020 0:00,9:21:04,6,CODE 6
PD20032800005027,Harbor,566,3/28/2020 0:00,22:59:12,620M,MAN/WMN
PD20032200002052,Outside,,3/22/2020 0:00,12:48:43,6,CODE 6
PD20032400001704,Outside,,3/24/2020 0:00,10:24:32,6,CODE 6
PD20032500001774,Southeast,1806,3/25/2020 0:00,11:41:05,415M,MAN
PD20032400001057,Central,145,3/24/2020 0:00,8:12:42,900,UNKNOWN TROUBLE
PD20032800004310,Mission,1995,3/28/2020 0:00,20:57:11,9212,TRESPASS SUSP
PD20032300000913,Outside,,3/23/2020 0:00,7:52:52,6,CODE 6
PD20032500002237,Outside,,3/25/2020 0:00,12:04:07,6,CODE 6
PD20032400005344,Outside,,3/24/2020 0:00,21:17:07,6,CODE 6
PD20032200000814,Foothill,1684,3/22/2020 0:00,7:17:29,600L,LOCATED
PD20032300003213,Pacific,1444,3/23/2020 0:00,15:22:10,415F,FIGHT
PD20032600001626,Outside,,3/26/2020 0:00,10:10:07,6,CODE 6
PD20032400004469,Southwest,362,3/24/2020 0:00,18:19:29,415M,MAN
PD20032400001688,Newton,1317,3/24/2020 0:00,10:25:45,415M,MAN
PD20032200000522,77th Street,1268,3/22/2020 0:00,3:35:34,900,UNKNOWN TROUBLE
PD20032800000884,Devonshire,1794,3/28/2020 0:00,7:08:42,459SL,SUSP J/L
PD20032300004547,Outside,,3/23/2020 0:00,19:29:30,6,CODE 6
PD20032300004543,Wilshire,778,3/23/2020 0:00,20:20:16,415G,GRP
PD20032400005792,Van Nuys,926,3/24/2020 0:00,23:16:49,507P,PARTY
PD20032600005756,Wilshire,734,3/26/2020 0:00,23:44:30,594S,SUSP
PD20032100003249,Outside,,3/21/2020 0:00,16:56:57,6,CODE 6
PD20032600003397,Outside,,3/26/2020 0:00,15:52:45,6,CODE 6
PD20032500005292,West Valley,1033,3/25/2020 0:00,21:25:23,415M,MAN
PD20032100003782,Hollywood,636,3/21/2020 0:00,18:29:19,6,CODE 6
PD20032100004342,Newton,1327,3/21/2020 0:00,20:32:03,415G,GRP
PD20032400005691,Foothill,1653,3/24/2020 0:00,22:34:28,902,TRAFFIC STOP
PD20032100003176,Southeast,1805,3/21/2020 0:00,16:41:30,415M3,MAN W/GUN
PD20032700000355,Pacific,1406,3/27/2020 0:00,2:47:59,415W,WOMAN
PD20032100003298,Outside,,3/21/2020 0:00,17:05:05,6,CODE 6
PD20032100001250,Outside,,3/21/2020 0:00,9:32:44,6,CODE 6
PD20032400005934,Southeast,1851,3/24/2020 0:00,23:41:50,5033SL,GTA SUSP J/L
PD20032500005078,Van Nuys,985,3/25/2020 0:00,20:40:17,484SN,SUSP NOW
PD20032500003297,N Hollywood,1516,3/25/2020 0:00,15:28:56,415G,GRP
PD20032800001056,77th Street,1211,3/28/2020 0:00,8:10:48,245S,SUSP
PD20032500002140,Outside,,3/25/2020 0:00,11:46:05,6,CODE 6
PD20032500005536,Mission,1984,3/25/2020 0:00,22:02:19,620F,FAMILY
PD20032400004432,Hollenbeck,423,3/24/2020 0:00,18:11:36,6,CODE 6
PD20032300005339,Outside,,3/23/2020 0:00,22:12:12,6,CODE 6
PD20032100004418,Mission,1921,3/21/2020 0:00,20:37:23,415G,GRP
PD20032600001483,Outside,,3/26/2020 0:00,9:42:03,6,CODE 6
PD20032800001578,Southwest,354,3/28/2020 0:00,10:59:22,507A,AUTO REPAIR
PD20032100003822,Southwest,356,3/21/2020 0:00,18:58:01,242D,DOM VIOL
PD20032400004971,N Hollywood,1586,3/24/2020 0:00,19:59:40,6,CODE 6
PD20032700004670,Harbor,587,3/27/2020 0:00,21:15:31,9212,TRESPASS SUSP
PD20032100005224,Central,162,3/21/2020 0:00,23:21:43,415M,MAN
PD20032800001244,Harbor,503,3/28/2020 0:00,9:07:50,902,TRAFFIC STOP
PD20032500004610,West LA,855,3/25/2020 0:00,18:53:41,6,CODE 6
PD20032100004464,Outside,,3/21/2020 0:00,20:48:23,6,CODE 6
PD20032700003251,Outside,,3/27/2020 0:00,16:35:40,6,CODE 6
PD20032700003178,N Hollywood,1566,3/27/2020 0:00,16:24:17,905C,CRUELTY
PD20032800000296,Wilshire,752,3/28/2020 0:00,1:23:37,246H,HEARD ONLY
PD20032100002830,Outside,,3/21/2020 0:00,15:26:23,6,CODE 6
PD20032500002742,Outside,,3/25/2020 0:00,13:37:27,6,CODE 6
PD20032100002452,Mission,1989,3/21/2020 0:00,14:15:24,620L,LANDLORD/TENANT
PD20032600000909,West Valley,1023,3/26/2020 0:00,7:45:09,904A3,AMB CPI
PD20032700001169,Topanga,2189,3/27/2020 0:00,8:37:36,6,CODE 6
PD20032600004864,Foothill,1687,3/26/2020 0:00,20:23:13,245DS,DOM VIOL SUSP
PD20032300003276,Hollywood,657,3/23/2020 0:00,15:25:30,620L,LANDLORD/TENANT
PD20032800001419,Devonshire,1771,3/28/2020 0:00,9:58:32,459I,INVEST
PD20032100003883,Pacific,1437,3/21/2020 0:00,18:51:05,907A3,AMB ATT SUICIDE
PD20032100005227,Olympic,2049,3/21/2020 0:00,23:15:06,620F,FAMILY
PD20032500002474,Outside,,3/25/2020 0:00,12:46:02,6,CODE 6
PD20032300000749,Outside,,3/23/2020 0:00,7:18:45,6,CODE 6
PD20032700001755,Central,195,3/27/2020 0:00,11:01:51,904A,AMB
PD20032500005083,Devonshire,1705,3/25/2020 0:00,20:24:59,6,CODE 6
PD20032300004639,Devonshire,1713,3/23/2020 0:00,19:47:31,6,CODE 6
PD20032800001451,Pacific,1413,3/28/2020 0:00,10:07:01,245S,SUSP
PD20032300001151,Outside,,3/23/2020 0:00,8:37:54,6,CODE 6
PD20032700000118,Outside,,3/27/2020 0:00,0:39:16,6,CODE 6
PD20032300005409,Outside,,3/23/2020 0:00,22:26:03,6,CODE 6
PD20032800000233,Southeast,1827,3/28/2020 0:00,1:15:11,507P,PARTY
PD20032800002154,Hollywood,636,3/28/2020 0:00,13:17:57,211J,J/O
PD20032700003738,Southwest,357,3/27/2020 0:00,18:21:21,620F,FAMILY
PD20032100003377,Outside,,3/21/2020 0:00,17:19:24,6,CODE 6
PD20032700000388,Central,176,3/27/2020 0:00,2:55:40,415M,MAN
PD20032100003442,Pacific,1412,3/21/2020 0:00,17:45:28,507O,OTHER
PD20032800000480,Outside,,3/28/2020 0:00,2:40:16,6,CODE 6
PD20032500004047,Outside,,3/25/2020 0:00,17:13:40,6,CODE 6
PD20032700002201,West Valley,1065,3/27/2020 0:00,12:43:49,6,CODE 6
PD20032800004739,Outside,,3/28/2020 0:00,21:57:55,6,CODE 6
PD20032500000653,Outside,,3/25/2020 0:00,6:32:59,6,CODE 6
PD20032400004056,Olympic,2029,3/24/2020 0:00,17:07:01,242S,SUSP
PD20032400000070,Pacific,1468,3/24/2020 0:00,0:23:47,415G,GRP
PD20032800005010,Van Nuys,914,3/28/2020 0:00,23:19:57,620F,FAMILY
PD20032300003899,Pacific,1412,3/23/2020 0:00,17:15:28,906B1,CODE 30 RINGER
PD20032700004895,Hollenbeck,423,3/27/2020 0:00,21:44:30,415M,MAN
PD20032800001389,Pacific,1435,3/28/2020 0:00,9:46:23,484S,SUSP
PD20032100003585,Newton,1313,3/21/2020 0:00,18:00:28,906B1,CODE 30 RINGER
PD20032500005898,Outside,,3/25/2020 0:00,23:26:00,6,CODE 6
PD20032800001554,Outside,,3/28/2020 0:00,10:33:33,6,CODE 6
PD20032800003179,Outside,,3/28/2020 0:00,16:54:19,902,TRAFFIC STOP
PD20032100001737,Outside,,3/21/2020 0:00,11:29:54,902,TRAFFIC STOP
PD20032800002597,77th Street,1268,3/28/2020 0:00,14:53:12,242D,DOM VIOL
PD20032300004593,West LA,884,3/23/2020 0:00,20:01:17,9212,TRESPASS SUSP
PD20032700003187,Outside,,3/27/2020 0:00,16:19:43,6,CODE 6
PD20032100002763,Foothill,1668,3/21/2020 0:00,15:14:27,6,CODE 6
PD20032400003487,Outside,,3/24/2020 0:00,15:27:33,6,CODE 6
PD20032500001240,Outside,,3/25/2020 0:00,8:56:27,6,CODE 6
PD20032400002580,77th Street,1235,3/24/2020 0:00,13:25:06,242D,DOM VIOL
PD20032500001348,Outside,,3/25/2020 0:00,9:14:26,6,CODE 6
PD20032200002173,Van Nuys,933,3/22/2020 0:00,13:22:50,906B1,CODE 30 RINGER
PD20032400004557,Outside,,3/24/2020 0:00,18:36:54,6,CODE 6
PD20032300001778,Pacific,1444,3/23/2020 0:00,10:46:23,415M,MAN
PD20032600000502,Pacific,1493,3/26/2020 0:00,4:37:40,6,CODE 6
PD20032200003581,Newton,1362,3/22/2020 0:00,19:46:46,9046,DUI INVD
PD20032600005003,Olympic,2029,3/26/2020 0:00,20:49:01,90456,H&R MISD DUI INV
PD20032500001442,Outside,,3/25/2020 0:00,9:29:25,6,CODE 6
PD20032800002197,Olympic,2017,3/28/2020 0:00,13:11:34,6,CODE 6
PD20032500002764,Outside,,3/25/2020 0:00,13:41:00,6,CODE 6
PD20032100004778,West LA,825,3/21/2020 0:00,21:49:36,930W,WMN
PD20032300001343,Outside,,3/23/2020 0:00,9:13:29,6,CODE 6
PD20032100002112,Outside,,3/21/2020 0:00,12:55:03,6,CODE 6
PD20032500004487,Outside,,3/25/2020 0:00,18:33:42,6,CODE 6
PD20032700004031,Hollenbeck,417,3/27/2020 0:00,19:24:59,620N,NEIGHBOR
PD20032600000353,Southeast,1823,3/26/2020 0:00,2:48:56,415G,GRP
PD20032700003169,Mission,1985,3/27/2020 0:00,16:17:31,415F,FIGHT
PD20032600003120,77th Street,1263,3/26/2020 0:00,15:10:07,415G,GRP
PD20032600000840,Outside,,3/26/2020 0:00,7:23:54,6,CODE 6
PD20032100005147,Outside,,3/21/2020 0:00,22:58:18,6,CODE 6
PD20032400005852,Hollywood,625,3/24/2020 0:00,23:21:24,9212N,TRESPASS SUSP NOW
PD20032100000681,Outside,,3/21/2020 0:00,5:36:29,6,CODE 6
PD20032300004003,Outside,,3/23/2020 0:00,17:34:29,6,CODE 6
PD20032800002722,Outside,,3/28/2020 0:00,15:14:05,6,CODE 6
PD20032800001335,Mission,1921,3/28/2020 0:00,9:52:03,921PS,POSS SUSP
PD20032800002610,Outside,,3/28/2020 0:00,14:47:01,6,CODE 6
PD20032300000996,Outside,,3/23/2020 0:00,8:07:26,6,CODE 6
PD20032800000898,West LA,887,3/28/2020 0:00,7:14:27,4846S,TFV SUSP
PD20032100000706,Outside,,3/21/2020 0:00,5:54:20,6,CODE 6
PD20032800005025,N Hollywood,1506,3/28/2020 0:00,22:54:13,459PSN,POSS SUSP NOW
PD20032800003218,Outside,,3/28/2020 0:00,17:01:27,6,CODE 6
PD20032100000757,Devonshire,1761,3/21/2020 0:00,6:57:10,415M,MAN
PD20032100003899,Outside,,3/21/2020 0:00,18:52:03,6,CODE 6
PD20032700002049,Newton,1333,3/27/2020 0:00,12:16:46,5033J,GTA J/O
PD20032800001825,Southwest,375,3/28/2020 0:00,11:45:44,906B4,OTHER/459 SILENT
PD20032800003016,Mission,1904,3/28/2020 0:00,16:24:59,620N,NEIGHBOR
PD20032800004701,Hollywood,676,3/28/2020 0:00,21:50:32,507P,PARTY
PD20032800002774,Outside,,3/28/2020 0:00,15:26:57,6,CODE 6
PD20032100004984,Harbor,503,3/21/2020 0:00,22:24:58,245PSN,POSS SUSP NOW
PD20032600005096,N Hollywood,1526,3/26/2020 0:00,21:08:58,507R,RADIO
PD20032700001477,Harbor,507,3/27/2020 0:00,9:52:28,918AM,AMB MALE
PD20032400001274,Outside,,3/24/2020 0:00,8:51:28,6,CODE 6
PD20032500002314,Newton,1361,3/25/2020 0:00,12:34:28,245S,SUSP
PD20032300003568,Outside,,3/23/2020 0:00,16:14:47,6,CODE 6
PD20032400004052,Outside,,3/24/2020 0:00,17:03:57,6,CODE 6
PD20032700005107,Southeast,1839,3/27/2020 0:00,22:52:21,415G,GRP
PD20032300003241,77th Street,1267,3/23/2020 0:00,15:18:16,9045,H & R MISD
PD20032400005791,Rampart,246,3/24/2020 0:00,23:08:24,927AI,AMB INVEST
PD20032200001563,Southwest,301,3/22/2020 0:00,11:00:22,415G,GRP
PD20032500002597,Outside,,3/25/2020 0:00,13:11:22,6,CODE 6
PD20032400002503,Southeast,1837,3/24/2020 0:00,12:47:38,904A6,AMB DUI
PD20032300000458,Outside,,3/23/2020 0:00,4:46:59,6,CODE 6
PD20032700003241,Hollywood,636,3/27/2020 0:00,16:36:18,242PS,POSS SUSP
PD20032400000192,Outside,,3/24/2020 0:00,1:01:22,6,CODE 6
PD20032400003867,Outside,,3/24/2020 0:00,16:30:48,6,CODE 6
PD20032100000533,N Hollywood,1525,3/21/2020 0:00,3:49:13,415G,GRP
PD20032600005723,Outside,,3/26/2020 0:00,23:37:09,6,CODE 6
PD20032400002262,Mission,1963,3/24/2020 0:00,12:49:30,415G,GRP
PD20032600002644,Outside,,3/26/2020 0:00,13:36:21,6,CODE 6
PD20032400001062,Outside,,3/24/2020 0:00,8:12:18,6,CODE 6
PD20032600000473,West LA,824,3/26/2020 0:00,4:17:49,9041,T/C
PD20032200000545,West LA,808,3/22/2020 0:00,3:06:50,906B1,CODE 30 RINGER
PD20032800002555,Outside,,3/28/2020 0:00,14:32:52,6,CODE 6
PD20032500001569,Harbor,531,3/25/2020 0:00,9:54:35,507R,RADIO
PD20032700005255,Outside,,3/27/2020 0:00,22:56:27,6,CODE 6
PD20032800002708,Van Nuys,932,3/28/2020 0:00,15:17:54,390MV,MAN IN VEH
PD20032500005884,Outside,,3/25/2020 0:00,23:21:29,6,CODE 6
PD20032500004159,West LA,833,3/25/2020 0:00,17:46:52,906B1,CODE 30 RINGER
PD20032300002581,Newton,1331,3/23/2020 0:00,13:26:27,242SN,SUSP NOW
PD20032500005037,Outside,,3/25/2020 0:00,20:16:14,902,TRAFFIC STOP
PD20032400000459,Newton,1343,3/24/2020 0:00,3:51:51,4591SN,BFV SUSP NOW
PD20032700000366,West LA,849,3/27/2020 0:00,2:43:09,415M,MAN
PD20032600005518,Pacific,1406,3/26/2020 0:00,22:39:20,6,CODE 6
PD20032600001868,Outside,,3/26/2020 0:00,10:58:38,6,CODE 6
PD20032100003877,Outside,,3/21/2020 0:00,18:48:40,6,CODE 6
PD20032700001498,Southeast,1823,3/27/2020 0:00,9:55:45,242PS,POSS SUSP
PD20032600002120,Outside,,3/26/2020 0:00,11:52:51,902,TRAFFIC STOP
PD20032200001419,N Hollywood,1555,3/22/2020 0:00,10:20:03,6,CODE 6
PD20032800004967,Outside,,3/28/2020 0:00,22:42:25,6,CODE 6
PD20032800003816,Mission,1987,3/28/2020 0:00,19:05:54,415M6,MAN W/KNIVES
PD20032500003571,Outside,,3/25/2020 0:00,16:00:04,6,CODE 6
PD20032400004784,Pacific,1409,3/24/2020 0:00,19:25:03,921S,SUSP
PD20032500005925,Outside,,3/25/2020 0:00,23:33:27,6,CODE 6
PD20032800004344,Outside,,3/28/2020 0:00,20:40:53,6,CODE 6
PD20032700004439,Outside,,3/27/2020 0:00,20:15:31,6,CODE 6
PD20032100004992,Wilshire,789,3/21/2020 0:00,22:25:48,242PS,POSS SUSP
PD20032700001678,Wilshire,752,3/27/2020 0:00,11:06:19,594SN,SUSP NOW
PD20032600001401,Outside,,3/26/2020 0:00,9:24:08,6,CODE 6
PD20032800001269,Outside,,3/28/2020 0:00,9:14:03,6,CODE 6
PD20032100002646,Outside,,3/21/2020 0:00,14:49:05,6,CODE 6
PD20032700003723,Outside,,3/27/2020 0:00,17:57:56,6,CODE 6
PD20032200002652,Outside,,3/22/2020 0:00,15:16:24,6,CODE 6
PD20032300000311,Devonshire,1715,3/23/2020 0:00,2:55:06,507O,OTHER
PD20032300005525,Outside,,3/23/2020 0:00,22:50:31,6,CODE 6
PD20032800001966,Hollenbeck,437,3/28/2020 0:00,12:18:14,415G,GRP
PD20032200002610,Outside,,3/22/2020 0:00,15:06:58,6,CODE 6
PD20032700003997,Outside,,3/27/2020 0:00,18:52:05,6,CODE 6
PD20032400004344,Southeast,1846,3/24/2020 0:00,17:57:25,906B1,CODE 30 RINGER
PD20032100003203,Outside,,3/21/2020 0:00,16:47:40,902,TRAFFIC STOP
PD20032200003896,Foothill,1687,3/22/2020 0:00,21:00:04,242DS,DOM VIOL SUSP
PD20032600004017,West Valley,1029,3/26/2020 0:00,17:44:17,1101,NARCOTIC ACTIVITY
PD20032700004297,Olympic,2015,3/27/2020 0:00,20:26:11,415M,MAN
PD20032500004533,Southwest,332,3/25/2020 0:00,18:42:27,211SL,SUSP J/L
PD20032200003695,Outside,,3/22/2020 0:00,20:00:14,6,CODE 6
PD20032800002489,Outside,,3/28/2020 0:00,14:17:29,6,CODE 6
PD20032800000708,Outside,,3/28/2020 0:00,5:30:18,6,CODE 6
PD20032500005858,Southwest,378,3/25/2020 0:00,23:13:15,918PM,POSS MALE
PD20032100003267,77th Street,1259,3/21/2020 0:00,17:16:00,9046,DUI INVD
PD20032500005215,Foothill,1637,3/25/2020 0:00,20:53:07,918M,MALE
PD20032100003107,Foothill,1602,3/21/2020 0:00,16:25:19,6,CODE 6
PD20032500000318,Wilshire,732,3/25/2020 0:00,2:41:43,4151,PARTY
PD20032400004219,Outside,,3/24/2020 0:00,17:33:14,6,CODE 6
PD20032700003124,Van Nuys,904,3/27/2020 0:00,16:37:12,4591I,BFV INVEST
PD20032100001101,West LA,893,3/21/2020 0:00,8:49:39,415M,MAN
PD20032700001968,Outside,,3/27/2020 0:00,11:55:51,6,CODE 6
PD20032100002097,Outside,,3/21/2020 0:00,12:52:04,6,CODE 6
PD20032100002966,Southeast,1804,3/21/2020 0:00,15:55:57,242S,SUSP
PD20032700000424,Hollywood,645,3/27/2020 0:00,3:19:49,9212,TRESPASS SUSP
PD20032500002763,Harbor,581,3/25/2020 0:00,13:40:58,415M,MAN
PD20032200000595,Northeast,1137,3/22/2020 0:00,3:36:28,245PS,POSS SUSP
PD20032400000700,Wilshire,773,3/24/2020 0:00,6:50:32,242D,DOM VIOL
PD20032300005706,Hollenbeck,437,3/23/2020 0:00,23:51:42,242J,J/O
PD20032200000628,Harbor,503,3/22/2020 0:00,3:58:03,459PSN,POSS SUSP NOW
PD20032100004662,Outside,,3/21/2020 0:00,21:27:04,6,CODE 6
PD20032600004898,Hollenbeck,456,3/26/2020 0:00,20:29:40,906B1F,EXCESSIVE FALSE RING
PD20032600002219,Outside,,3/26/2020 0:00,12:09:05,6,CODE 6
PD20032600004331,Southeast,1821,3/26/2020 0:00,19:40:06,620B,BUSN
PD20032100001763,Outside,,3/21/2020 0:00,11:34:12,6,CODE 6
PD20032500005127,Van Nuys,906,3/25/2020 0:00,20:35:10,620D,DOM VIOL
PD20032800003296,Foothill,1614,3/28/2020 0:00,17:18:12,900,UNKNOWN TROUBLE
PD20032300001798,Olympic,2024,3/23/2020 0:00,10:47:50,902,TRAFFIC STOP
PD20032200000366,Harbor,506,3/22/2020 0:00,1:44:00,415F,FIGHT
PD20032800000859,Topanga,2141,3/28/2020 0:00,7:21:08,9282,ADULT
PD20032400004300,Outside,,3/24/2020 0:00,17:50:00,6,CODE 6
PD20032200000183,Van Nuys,901,3/22/2020 0:00,0:41:39,507P,PARTY
PD20032400003616,Outside,,3/24/2020 0:00,15:48:52,6,CODE 6
PD20032500001911,Foothill,1669,3/25/2020 0:00,11:01:29,6,CODE 6
PD20032400003464,77th Street,1266,3/24/2020 0:00,15:28:47,242PS,POSS SUSP
PD20032500000188,Outside,,3/25/2020 0:00,1:14:25,6,CODE 6
